<environmentvariabledefinition schemaname="ya_IsDebug">
  <defaultvalue>no</defaultvalue>
  <description default="管理者モード">
    <label description="管理者モード" languagecode="1041" />
  </description>
  <displayname default="IsDebug">
    <label description="IsDebug" languagecode="1041" />
  </displayname>
  <introducedversion>1.0.0.0</introducedversion>
  <iscustomizable>1</iscustomizable>
  <isrequired>0</isrequired>
  <secretstore>0</secretstore>
  <type>100000002</type>
</environmentvariabledefinition>