<environmentvariabledefinition schemaname="ya_WebLink">
  <defaultvalue>WebLink</defaultvalue>
  <description default="キャンバスアプリの詳細画面からWeb LinkのURLを取得し格納（https://apps.powerapps.com/play/e/&lt;ENV_ID&gt;/a/&lt;APP_ID&gt;...）">
    <label description="キャンバスアプリの詳細画面からWeb LinkのURLを取得し格納（https://apps.powerapps.com/play/e/&lt;ENV_ID&gt;/a/&lt;APP_ID&gt;...）" languagecode="1041" />
  </description>
  <displayname default="WebLink">
    <label description="WebLink" languagecode="1041" />
  </displayname>
  <introducedversion>1.0.0.0</introducedversion>
  <iscustomizable>1</iscustomizable>
  <isrequired>0</isrequired>
  <secretstore>0</secretstore>
  <type>100000000</type>
</environmentvariabledefinition>